{"cameraMode":{"drawMode":0,"name":"Shaded","section":"Shading Mode"},"sceneLighting":true,"audioPlay":false,"sceneViewState":{"m_AlwaysRefresh":false,"showFog":true,"showSkybox":true,"showFlares":true,"showImageEffects":true,"showParticleSystems":true,"showVisualEffectGraphs":true,"m_FxEnabled":true},"in2DMode":false,"pivot":{"x":299.5971374511719,"y":4.3925886154174809,"z":118.05900573730469},"rotation":{"x":0.22710902988910676,"y":0.16415074467658997,"z":-0.03886795416474342,"w":0.9591487646102905},"size":4.012404441833496,"orthographic":false}